[[{"__type__":"cc.Prefab","_name":"Line","data":{"__id__":1}},{"__type__":"cc.Node","_name":"Line","_children":[{"__id__":2},{"__id__":3},{"__id__":4},{"__id__":5}],"_components":[{"__type__":"2aff7P5LhFCLLzEwzg3mxVI","node":{"__id__":1},"SprNode":{"__id__":2},"TriNodes":[{"__id__":3},{"__id__":4},{"__id__":5}]}],"_prefab":{"__type__":"cc.PrefabInfo","root":{"__id__":1},"asset":{"__uuid__":"5bEGUIYEJNQo1AnCZVge/E"},"fileId":"3234ZoRn9Bvqub6lR/VY46"},"_contentSize":{"__type__":"cc.Size","width":10,"height":10},"_trs":{"__type__":"TypedArray","ctor":"Float64Array","array":[0,0,0,0,0,0,1,1,1,1]}},{"__type__":"cc.Node","_name":"lineSprite","_parent":{"__id__":1},"_components":[{"__type__":"cc.Sprite","node":{"__id__":2},"_materials":[{"__uuid__":"ecpdLyjvZBwrvm+cedCcQy"}],"_spriteFrame":{"__uuid__":"dc/rLddmJJyY33PU8ginUs"},"_type":1,"_sizeMode":0}],"_prefab":{"__type__":"cc.PrefabInfo","root":{"__id__":1},"asset":{"__uuid__":"5bEGUIYEJNQo1AnCZVge/E"},"fileId":"9aotBOB6pCNKv3jdE3RcxM"},"_contentSize":{"__type__":"cc.Size","width":8,"height":100},"_trs":{"__type__":"TypedArray","ctor":"Float64Array","array":[0,0,0,0,0,0,1,1,1,1]}},{"__type__":"cc.Node","_name":"triangle","_parent":{"__id__":1},"_components":[{"__type__":"cc.Sprite","node":{"__id__":3},"_materials":[{"__uuid__":"ecpdLyjvZBwrvm+cedCcQy"}],"_spriteFrame":{"__uuid__":"d5BnMmLtNOGpGkcGp+G6Ze"},"_sizeMode":0}],"_prefab":{"__type__":"cc.PrefabInfo","root":{"__id__":1},"asset":{"__uuid__":"5bEGUIYEJNQo1AnCZVge/E"},"fileId":"d33MU7UIJCCZMaqo2sdNu3"},"_contentSize":{"__type__":"cc.Size","width":25,"height":25},"_trs":{"__type__":"TypedArray","ctor":"Float64Array","array":[0,0,0,0,0,0,1,1,1,1]}},{"__type__":"cc.Node","_name":"triangle copy","_parent":{"__id__":1},"_active":false,"_components":[{"__type__":"cc.Sprite","node":{"__id__":4},"_materials":[{"__uuid__":"ecpdLyjvZBwrvm+cedCcQy"}],"_spriteFrame":{"__uuid__":"d5BnMmLtNOGpGkcGp+G6Ze"},"_sizeMode":0}],"_prefab":{"__type__":"cc.PrefabInfo","root":{"__id__":1},"asset":{"__uuid__":"5bEGUIYEJNQo1AnCZVge/E"},"fileId":"8bSlfU3j5I1ZEhj2tViR8C"},"_contentSize":{"__type__":"cc.Size","width":25,"height":25},"_trs":{"__type__":"TypedArray","ctor":"Float64Array","array":[0,-25,0,0,0,0,1,1,1,1]}},{"__type__":"cc.Node","_name":"triangle copy","_parent":{"__id__":1},"_active":false,"_components":[{"__type__":"cc.Sprite","node":{"__id__":5},"_materials":[{"__uuid__":"ecpdLyjvZBwrvm+cedCcQy"}],"_spriteFrame":{"__uuid__":"d5BnMmLtNOGpGkcGp+G6Ze"},"_sizeMode":0}],"_prefab":{"__type__":"cc.PrefabInfo","root":{"__id__":1},"asset":{"__uuid__":"5bEGUIYEJNQo1AnCZVge/E"},"fileId":"0eKTvow/tNRKfdArsdK7R7"},"_contentSize":{"__type__":"cc.Size","width":25,"height":25},"_trs":{"__type__":"TypedArray","ctor":"Float64Array","array":[0,25,0,0,0,0,1,1,1,1]}}],{"__type__":"cc.SpriteFrame","content":{"name":"triangle","texture":"1906154ff","rect":[3,527,200,173],"offset":[0,0],"originalSize":[200,173],"rotated":1,"capInsets":[0,0,0,0]}},{"__type__":"cc.SpriteFrame","content":{"name":"rect","texture":"1906154ff","rect":[271,3,202,202],"offset":[0,0],"originalSize":[202,202],"capInsets":[3,3,3,3]}}]