[{"__type__":"cc.SpriteFrame","content":{"name":"arrow","texture":"1906154ff","rect":[366,318,74,126],"offset":[0,0],"originalSize":[128,128],"rotated":1,"capInsets":[0,0,0,0]}},{"__type__":"cc.SpriteFrame","content":{"name":"check","texture":"1906154ff","rect":[393,514,100,84],"offset":[0,0],"originalSize":[100,100],"rotated":1,"capInsets":[0,0,0,0]}},{"__type__":"cc.SpriteFrame","content":{"name":"block","texture":"1906154ff","rect":[479,30,10,10],"offset":[0,0],"originalSize":[10,10],"capInsets":[0,0,0,0]}},[{"__type__":"cc.Prefab","_name":"ConditionItem","data":{"__id__":1}},{"__type__":"cc.Node","_name":"ConditionItem","_children":[{"__id__":2},{"__id__":3},{"__id__":4},{"__id__":8},{"__id__":11}],"_components":[{"__type__":"34d791dpgtNYaAsny1M3+rq","node":{"__id__":1},"Bg":{"__id__":2},"ParamName":{"__id__":7},"LogicNode":{"__id__":8},"ValueNode":{"__id__":11}}],"_prefab":{"__type__":"cc.PrefabInfo","root":{"__id__":1},"asset":{"__uuid__":"d2ppx/Kl9A2p3M7xfJqFa+"},"fileId":"5fPfYDkdVAQqNZnI/VqyX6"},"_contentSize":{"__type__":"cc.Size","width":350,"height":40},"_trs":{"__type__":"TypedArray","ctor":"Float64Array","array":[0,0,0,0,0,0,1,1,1,1]}},{"__type__":"cc.Node","_name":"bg","_parent":{"__id__":1},"_components":[{"__type__":"cc.Widget","node":{"__id__":2},"_alignFlags":40,"_originalWidth":350},{"__type__":"cc.Sprite","node":{"__id__":2},"_materials":[{"__uuid__":"ecpdLyjvZBwrvm+cedCcQy"}],"_spriteFrame":{"__uuid__":"dc/rLddmJJyY33PU8ginUs"},"_type":1,"_sizeMode":0}],"_prefab":{"__type__":"cc.PrefabInfo","root":{"__id__":1},"asset":{"__uuid__":"d2ppx/Kl9A2p3M7xfJqFa+"},"fileId":"55K/vcqAVIZpVjAfJj+Fp1"},"_color":{"__type__":"cc.Color","r":137,"g":161,"b":255},"_contentSize":{"__type__":"cc.Size","width":350,"height":40},"_trs":{"__type__":"TypedArray","ctor":"Float64Array","array":[0,0,0,0,0,0,1,1,1,1]}},{"__type__":"cc.Node","_name":"arrow","_parent":{"__id__":1},"_components":[{"__type__":"cc.Widget","node":{"__id__":3},"_alignFlags":8,"_left":5.75},{"__type__":"cc.Sprite","node":{"__id__":3},"_materials":[{"__uuid__":"ecpdLyjvZBwrvm+cedCcQy"}],"_spriteFrame":{"__uuid__":"48/5Tpla5HtKXZOLw619Bz"}}],"_prefab":{"__type__":"cc.PrefabInfo","root":{"__id__":1},"asset":{"__uuid__":"d2ppx/Kl9A2p3M7xfJqFa+"},"fileId":"9bVuAD7IxLlrCiFRRTT0gN"},"_contentSize":{"__type__":"cc.Size","width":74,"height":126},"_trs":{"__type__":"TypedArray","ctor":"Float64Array","array":[-160,0,0,0,0,0,1,0.25,0.25,1]}},{"__type__":"cc.Node","_name":"param","_parent":{"__id__":1},"_children":[{"__id__":5},{"__id__":6}],"_components":[{"__type__":"cc.Widget","node":{"__id__":4},"_alignFlags":40,"_left":30,"_right":160,"_originalWidth":160},{"__type__":"cc.Sprite","node":{"__id__":4},"_materials":[{"__uuid__":"ecpdLyjvZBwrvm+cedCcQy"}],"_spriteFrame":{"__uuid__":"9cw24jW0FErYUSoKa7+Oex"},"_sizeMode":0},{"__type__":"cc.Button","node":{"__id__":4},"_normalMaterial":{"__uuid__":"ecpdLyjvZBwrvm+cedCcQy"},"clickEvents":[{"__type__":"cc.ClickEvent","target":{"__id__":1},"_componentId":"34d791dpgtNYaAsny1M3+rq","handler":"onClickParamSelect"}],"_N$transition":1,"transition":1,"_N$normalColor":{"__type__":"cc.Color","r":220,"g":220,"b":220},"_N$pressedColor":{"__type__":"cc.Color","r":120,"g":120,"b":120},"pressedColor":{"__type__":"cc.Color","r":120,"g":120,"b":120},"_N$disabledColor":{"__type__":"cc.Color","r":120,"g":120,"b":120},"_N$target":{"__id__":5}}],"_prefab":{"__type__":"cc.PrefabInfo","root":{"__id__":1},"asset":{"__uuid__":"d2ppx/Kl9A2p3M7xfJqFa+"},"fileId":"8fT3u87hlEPqHvj24FXtCQ"},"_color":{"__type__":"cc.Color","r":40,"g":40,"b":40},"_contentSize":{"__type__":"cc.Size","width":160,"height":30},"_anchorPoint":{"__type__":"cc.Vec2","y":0.5},"_trs":{"__type__":"TypedArray","ctor":"Float64Array","array":[-145,0,0,0,0,0,1,1,1,1]}},{"__type__":"cc.Node","_name":"tri","_parent":{"__id__":4},"_components":[{"__type__":"cc.Widget","node":{"__id__":5},"_alignFlags":32,"_right":7},{"__type__":"cc.Sprite","node":{"__id__":5},"_materials":[{"__uuid__":"ecpdLyjvZBwrvm+cedCcQy"}],"_spriteFrame":{"__uuid__":"d5BnMmLtNOGpGkcGp+G6Ze"}}],"_prefab":{"__type__":"cc.PrefabInfo","root":{"__id__":1},"asset":{"__uuid__":"d2ppx/Kl9A2p3M7xfJqFa+"},"fileId":"27/82N9gVHJJF2/FU7Rh6Z"},"_color":{"__type__":"cc.Color","r":220,"g":220,"b":220},"_contentSize":{"__type__":"cc.Size","width":200,"height":173},"_trs":{"__type__":"TypedArray","ctor":"Float64Array","array":[145,0,0,0,0,1,6.123233995736766e-17,0.08,0.08,1]},"_eulerAngles":{"__type__":"cc.Vec3","z":180}},{"__type__":"cc.Node","_name":"New Label","_parent":{"__id__":4},"_components":[{"__type__":"cc.Widget","node":{"__id__":6},"_alignFlags":40,"_left":2,"_right":28,"_originalWidth":153},{"__id__":7}],"_prefab":{"__type__":"cc.PrefabInfo","root":{"__id__":1},"asset":{"__uuid__":"d2ppx/Kl9A2p3M7xfJqFa+"},"fileId":"896xKFnBlL25CcZTJzL53O"},"_contentSize":{"__type__":"cc.Size","width":130,"height":40.32},"_anchorPoint":{"__type__":"cc.Vec2","y":0.5},"_trs":{"__type__":"TypedArray","ctor":"Float64Array","array":[2,0,0,0,0,0,1,1,1,1]}},{"__type__":"cc.Label","node":{"__id__":6},"_materials":[{"__uuid__":"ecpdLyjvZBwrvm+cedCcQy"}],"_useOriginalSize":false,"_string":"param","_N$string":"param","_fontSize":24,"_lineHeight":32,"_enableWrapText":false,"_N$verticalAlign":1,"_N$overflow":1},{"__type__":"cc.Node","_name":"logic","_parent":{"__id__":1},"_children":[{"__id__":9},{"__id__":10}],"_components":[{"__type__":"cc.Widget","node":{"__id__":8},"_alignFlags":32,"_right":105},{"__type__":"cc.Button","node":{"__id__":8},"clickEvents":[{"__type__":"cc.ClickEvent","target":{"__id__":1},"_componentId":"34d791dpgtNYaAsny1M3+rq","handler":"onClickLogicSelect"}]}],"_prefab":{"__type__":"cc.PrefabInfo","root":{"__id__":1},"asset":{"__uuid__":"d2ppx/Kl9A2p3M7xfJqFa+"},"fileId":"02g3rPaTdHg6Flc/TbENRn"},"_contentSize":{"__type__":"cc.Size","width":40,"height":30},"_trs":{"__type__":"TypedArray","ctor":"Float64Array","array":[50,0,0,0,0,0,1,1,1,1]}},{"__type__":"cc.Node","_name":"bg","_parent":{"__id__":8},"_components":[{"__type__":"cc.Sprite","node":{"__id__":9},"_materials":[{"__uuid__":"ecpdLyjvZBwrvm+cedCcQy"}],"_spriteFrame":{"__uuid__":"9cw24jW0FErYUSoKa7+Oex"},"_sizeMode":0},{"__type__":"cc.Widget","node":{"__id__":9},"_alignFlags":45,"_originalWidth":50,"_originalHeight":30}],"_prefab":{"__type__":"cc.PrefabInfo","root":{"__id__":1},"asset":{"__uuid__":"d2ppx/Kl9A2p3M7xfJqFa+"},"fileId":"86G2xWSwZFbJkKmU7veOp3"},"_color":{"__type__":"cc.Color","r":40,"g":40,"b":40},"_contentSize":{"__type__":"cc.Size","width":40,"height":30},"_trs":{"__type__":"TypedArray","ctor":"Float64Array","array":[0,0,0,0,0,0,1,1,1,1]}},{"__type__":"cc.Node","_name":"lab","_parent":{"__id__":8},"_components":[{"__type__":"cc.Label","node":{"__id__":10},"_materials":[{"__uuid__":"ecpdLyjvZBwrvm+cedCcQy"}],"_useOriginalSize":false,"_string":"===","_N$string":"===","_fontSize":18,"_lineHeight":32,"_N$horizontalAlign":1,"_N$verticalAlign":1}],"_prefab":{"__type__":"cc.PrefabInfo","root":{"__id__":1},"asset":{"__uuid__":"d2ppx/Kl9A2p3M7xfJqFa+"},"fileId":"2b8MWTg5hN3qgGfJkwa7u2"},"_contentSize":{"__type__":"cc.Size","width":31.54,"height":40.32},"_trs":{"__type__":"TypedArray","ctor":"Float64Array","array":[0,0,0,0,0,0,1,1,1,1]}},{"__type__":"cc.Node","_name":"value","_parent":{"__id__":1},"_children":[{"__id__":12},{"__id__":19}],"_components":[{"__type__":"cc.Widget","node":{"__id__":11},"_alignFlags":32,"_right":175}],"_prefab":{"__type__":"cc.PrefabInfo","root":{"__id__":1},"asset":{"__uuid__":"d2ppx/Kl9A2p3M7xfJqFa+"},"fileId":"e3RNog6jxJiJsamGU8rTax"},"_trs":{"__type__":"TypedArray","ctor":"Float64Array","array":[0,0,0,0,0,0,1,1,1,1]}},{"__type__":"cc.Node","_name":"number","_parent":{"__id__":11},"_children":[{"__id__":13},{"__id__":15},{"__id__":17}],"_components":[{"__type__":"cc.EditBox","node":{"__id__":12},"_useOriginalSize":false,"maxLength":32,"editingDidBegan":[{"__type__":"cc.ClickEvent","target":{"__id__":1},"_componentId":"34d791dpgtNYaAsny1M3+rq","handler":"onValueNumberEditBegan"}],"textChanged":[{"__type__":"cc.ClickEvent","target":{"__id__":1},"_componentId":"34d791dpgtNYaAsny1M3+rq","handler":"onValueNumberChanged"}],"_N$textLabel":{"__id__":16},"_N$placeholderLabel":{"__id__":18},"_N$background":{"__id__":14},"_N$inputMode":6}],"_prefab":{"__type__":"cc.PrefabInfo","root":{"__id__":1},"asset":{"__uuid__":"d2ppx/Kl9A2p3M7xfJqFa+"},"fileId":"52N05ko11OTZJE2RqGYd2N"},"_contentSize":{"__type__":"cc.Size","width":70,"height":30},"_trs":{"__type__":"TypedArray","ctor":"Float64Array","array":[120,0,0,0,0,0,1,1,1,1]}},{"__type__":"cc.Node","_name":"BACKGROUND_SPRITE","_parent":{"__id__":12},"_components":[{"__id__":14},{"__type__":"cc.Widget","node":{"__id__":13},"alignMode":0,"_alignFlags":45,"_originalWidth":160,"_originalHeight":40}],"_prefab":{"__type__":"cc.PrefabInfo","root":{"__id__":1},"asset":{"__uuid__":"d2ppx/Kl9A2p3M7xfJqFa+"},"fileId":"24+zVtJJxG3ovzqfgew9hf"},"_color":{"__type__":"cc.Color","r":40,"g":40,"b":40},"_contentSize":{"__type__":"cc.Size","width":70,"height":30},"_trs":{"__type__":"TypedArray","ctor":"Float64Array","array":[0,0,0,0,0,0,1,1,1,1]}},{"__type__":"cc.Sprite","node":{"__id__":13},"_materials":[{"__uuid__":"ecpdLyjvZBwrvm+cedCcQy"}],"_spriteFrame":{"__uuid__":"9cw24jW0FErYUSoKa7+Oex"},"_sizeMode":0},{"__type__":"cc.Node","_name":"TEXT_LABEL","_parent":{"__id__":12},"_active":false,"_components":[{"__id__":16},{"__type__":"cc.Widget","node":{"__id__":15},"alignMode":0,"_alignFlags":45,"_left":2,"_originalWidth":158,"_originalHeight":40}],"_prefab":{"__type__":"cc.PrefabInfo","root":{"__id__":1},"asset":{"__uuid__":"d2ppx/Kl9A2p3M7xfJqFa+"},"fileId":"f7y+yfpW9OaIGUhWuZKhCT"},"_contentSize":{"__type__":"cc.Size","width":158,"height":40},"_anchorPoint":{"__type__":"cc.Vec2","y":1},"_trs":{"__type__":"TypedArray","ctor":"Float64Array","array":[-78,20,0,0,0,0,1,1,1,1]}},{"__type__":"cc.Label","node":{"__id__":15},"_fontSize":20,"_lineHeight":25,"_enableWrapText":false,"_N$verticalAlign":1,"_N$overflow":1},{"__type__":"cc.Node","_name":"PLACEHOLDER_LABEL","_parent":{"__id__":12},"_components":[{"__id__":18},{"__type__":"cc.Widget","node":{"__id__":17},"alignMode":0,"_alignFlags":45,"_left":2,"_originalWidth":158,"_originalHeight":40}],"_prefab":{"__type__":"cc.PrefabInfo","root":{"__id__":1},"asset":{"__uuid__":"d2ppx/Kl9A2p3M7xfJqFa+"},"fileId":"208oEmKiVKS4weORcXlLAG"},"_color":{"__type__":"cc.Color","r":187,"g":187,"b":187},"_contentSize":{"__type__":"cc.Size","width":68,"height":30},"_anchorPoint":{"__type__":"cc.Vec2","y":1},"_trs":{"__type__":"TypedArray","ctor":"Float64Array","array":[-33,15,0,0,0,0,1,1,1,1]}},{"__type__":"cc.Label","node":{"__id__":17},"_materials":[{"__uuid__":"ecpdLyjvZBwrvm+cedCcQy"}],"_fontSize":20,"_lineHeight":25,"_enableWrapText":false,"_N$verticalAlign":1,"_N$overflow":1},{"__type__":"cc.Node","_name":"boolean","_parent":{"__id__":11},"_children":[{"__id__":20},{"__id__":21}],"_active":false,"_components":[{"__type__":"cc.Toggle","node":{"__id__":19},"_normalMaterial":{"__uuid__":"ecpdLyjvZBwrvm+cedCcQy"},"_N$normalColor":{"__type__":"cc.Color","r":214,"g":214,"b":214},"_N$target":{"__id__":20},"checkMark":{"__id__":22},"checkEvents":[{"__type__":"cc.ClickEvent","target":{"__id__":1},"_componentId":"34d791dpgtNYaAsny1M3+rq","handler":"onValueBoolCheckd"}]}],"_prefab":{"__type__":"cc.PrefabInfo","root":{"__id__":1},"asset":{"__uuid__":"d2ppx/Kl9A2p3M7xfJqFa+"},"fileId":"6eoiZMrj5DmbR9sTLjKN8K"},"_contentSize":{"__type__":"cc.Size","width":28,"height":28},"_trs":{"__type__":"TypedArray","ctor":"Float64Array","array":[50,0,0,0,0,0,1,1,1,1]}},{"__type__":"cc.Node","_name":"Background","_parent":{"__id__":19},"_components":[{"__type__":"cc.Sprite","node":{"__id__":20},"_materials":[{"__uuid__":"ecpdLyjvZBwrvm+cedCcQy"}],"_spriteFrame":{"__uuid__":"dc/rLddmJJyY33PU8ginUs"},"_sizeMode":0}],"_prefab":{"__type__":"cc.PrefabInfo","root":{"__id__":1},"asset":{"__uuid__":"d2ppx/Kl9A2p3M7xfJqFa+"},"fileId":"2eBA9oiZtKTIkbu5DClPN9"},"_color":{"__type__":"cc.Color","r":40,"g":40,"b":40},"_contentSize":{"__type__":"cc.Size","width":28,"height":28},"_trs":{"__type__":"TypedArray","ctor":"Float64Array","array":[0,0,0,0,0,0,1,1,1,1]}},{"__type__":"cc.Node","_name":"checkmark","_parent":{"__id__":19},"_components":[{"__id__":22}],"_prefab":{"__type__":"cc.PrefabInfo","root":{"__id__":1},"asset":{"__uuid__":"d2ppx/Kl9A2p3M7xfJqFa+"},"fileId":"52BCIdfJ1Adbu/kZ/Pbh8W"},"_contentSize":{"__type__":"cc.Size","width":23,"height":23},"_trs":{"__type__":"TypedArray","ctor":"Float64Array","array":[0,0,0,0,0,0,1,1,1,1]}},{"__type__":"cc.Sprite","node":{"__id__":21},"_materials":[{"__uuid__":"ecpdLyjvZBwrvm+cedCcQy"}],"_spriteFrame":{"__uuid__":"7da1bPThVItKXQ5D6irdV6"},"_sizeMode":0,"_isTrimmedMode":false}],{"__type__":"cc.SpriteFrame","content":{"name":"triangle","texture":"1906154ff","rect":[3,527,200,173],"offset":[0,0],"originalSize":[200,173],"rotated":1,"capInsets":[0,0,0,0]}},{"__type__":"cc.SpriteFrame","content":{"name":"rect","texture":"1906154ff","rect":[271,3,202,202],"offset":[0,0],"originalSize":[202,202],"capInsets":[3,3,3,3]}}]