[{"__type__":"cc.SceneAsset","_name":"main","scene":{"__id__":1},"asyncLoadAssets":null},{"__type__":"cc.Scene","_name":"New Node","_children":[{"__id__":2}],"_active":false,"_anchorPoint":{"__type__":"cc.Vec2"},"_trs":{"__type__":"TypedArray","ctor":"Float64Array","array":[0,0,0,0,0,0,1,1,1,1]},"autoReleaseAssets":false},{"__type__":"cc.Node","_name":"Canvas","_parent":{"__id__":1},"_children":[{"__id__":3}],"_components":[{"__type__":"cc.Canvas","node":{"__id__":2},"_designResolution":{"__type__":"cc.Size","width":1920,"height":1080},"_fitWidth":true,"_fitHeight":false},{"__type__":"c88fcIQORxDwo+wUWp77jYA","node":{"__id__":2}},{"__type__":"750342nk9dCDrHnqrriGmB+","node":{"__id__":2}},{"__type__":"cc.Widget","node":{"__id__":2},"_alignFlags":45}],"_contentSize":{"__type__":"cc.Size","width":1920,"height":1080},"_trs":{"__type__":"TypedArray","ctor":"Float64Array","array":[960,540,0,0,0,0,1,1,1,1]},"_id":"fbAT5jwT5Eeb6mcKr5NSl/"},{"__type__":"cc.Node","_name":"Main Camera","_parent":{"__id__":2},"_components":[{"__type__":"cc.Camera","node":{"__id__":3},"_clearFlags":7,"_backgroundColor":{"__type__":"cc.Color","r":70,"g":70,"b":80},"_depth":-1}],"_trs":{"__type__":"TypedArray","ctor":"Float64Array","array":[0,0,443.4050067376326,0,0,0,1,1,1,1]}}]