[[{"__type__":"cc.Prefab","_name":"StateMachineNode","data":{"__id__":1}},{"__type__":"cc.Node","_name":"StateMachineNode","_children":[{"__id__":2},{"__id__":3},{"__id__":4},{"__id__":5}],"_components":[{"__type__":"f37b5aQnaBBQa4/iFSORZgx","node":{"__id__":1},"SelectNode":{"__id__":3},"BgNode":{"__id__":4},"NameLabel":{"__id__":6}}],"_prefab":{"__type__":"cc.PrefabInfo","root":{"__id__":1},"asset":{"__uuid__":"2dLzHDL5pFX62daipbX0BR"},"fileId":"77IjLw6dZKmbyRhySqx1Yx"},"_contentSize":{"__type__":"cc.Size","width":270,"height":60},"_trs":{"__type__":"TypedArray","ctor":"Float64Array","array":[0,0,0,0,0,0,1,1,1,1]}},{"__type__":"cc.Node","_name":"shadow","_parent":{"__id__":1},"_components":[{"__type__":"cc.Sprite","node":{"__id__":2},"_materials":[{"__uuid__":"ecpdLyjvZBwrvm+cedCcQy"}],"_spriteFrame":{"__uuid__":"7cvsdy9O9JPbHW+Tu6M239"},"_type":1,"_sizeMode":0}],"_prefab":{"__type__":"cc.PrefabInfo","root":{"__id__":1},"asset":{"__uuid__":"2dLzHDL5pFX62daipbX0BR"},"fileId":"acO5yg7CtNZrEZDsfQJi+s"},"_opacity":80,"_color":{"__type__":"cc.Color"},"_contentSize":{"__type__":"cc.Size","width":282,"height":70},"_trs":{"__type__":"TypedArray","ctor":"Float64Array","array":[0,0,0,0,0,0,1,1,1,1]}},{"__type__":"cc.Node","_name":"select","_parent":{"__id__":1},"_active":false,"_components":[{"__type__":"cc.Sprite","node":{"__id__":3},"_materials":[{"__uuid__":"ecpdLyjvZBwrvm+cedCcQy"}],"_spriteFrame":{"__uuid__":"7cvsdy9O9JPbHW+Tu6M239"},"_type":1,"_sizeMode":0}],"_prefab":{"__type__":"cc.PrefabInfo","root":{"__id__":1},"asset":{"__uuid__":"2dLzHDL5pFX62daipbX0BR"},"fileId":"cbtoEqcbVP5bSs6nB9k7Jx"},"_color":{"__type__":"cc.Color","r":43,"g":102,"b":255},"_contentSize":{"__type__":"cc.Size","width":282,"height":70},"_trs":{"__type__":"TypedArray","ctor":"Float64Array","array":[0,0,0,0,0,0,1,1,1,1]}},{"__type__":"cc.Node","_name":"bg","_parent":{"__id__":1},"_components":[{"__type__":"cc.Sprite","node":{"__id__":4},"_materials":[{"__uuid__":"ecpdLyjvZBwrvm+cedCcQy"}],"_spriteFrame":{"__uuid__":"48OsaPohFIRq4zhetJ60aP"},"_type":1,"_sizeMode":0}],"_prefab":{"__type__":"cc.PrefabInfo","root":{"__id__":1},"asset":{"__uuid__":"2dLzHDL5pFX62daipbX0BR"},"fileId":"66Z2Y3Ti5K0LvECLFHypAI"},"_color":{"__type__":"cc.Color","r":150,"g":150,"b":150},"_contentSize":{"__type__":"cc.Size","width":270,"height":60},"_trs":{"__type__":"TypedArray","ctor":"Float64Array","array":[0,0,0,0,0,0,1,1,1,1]}},{"__type__":"cc.Node","_name":"name","_parent":{"__id__":1},"_components":[{"__id__":6}],"_prefab":{"__type__":"cc.PrefabInfo","root":{"__id__":1},"asset":{"__uuid__":"2dLzHDL5pFX62daipbX0BR"},"fileId":"2aMMvW4hdDLIYX5vDpWy5H"},"_contentSize":{"__type__":"cc.Size","width":293.51,"height":60.48},"_trs":{"__type__":"TypedArray","ctor":"Float64Array","array":[0,0,0,0,0,0,1,0.5,0.5,1]}},{"__type__":"cc.Label","node":{"__id__":5},"_materials":[{"__uuid__":"ecpdLyjvZBwrvm+cedCcQy"}],"_useOriginalSize":false,"_string":"StateMachine","_N$string":"StateMachine","_fontSize":48,"_lineHeight":48,"_N$horizontalAlign":1,"_N$verticalAlign":1}],{"__type__":"cc.SpriteFrame","content":{"name":"hex","texture":"1906154ff","rect":[289,514,98,101],"offset":[0,0],"originalSize":[98,101],"capInsets":[32,0,32,0]}},{"__type__":"cc.SpriteFrame","content":{"name":"outline_hex","texture":"1906154ff","rect":[366,398,110,113],"offset":[0,0],"originalSize":[110,113],"rotated":1,"capInsets":[40,0,40,0]}}]