[{"__type__":"cc.SpriteFrame","content":{"name":"default_btn_disabled","texture":"71VhFCTINJM6/Ky3oX9nBT","rect":[0,0,40,40],"offset":[0,0],"originalSize":[40,40],"capInsets":[12,12,12,12]}},{"__type__":"cc.SpriteFrame","content":{"name":"block","texture":"1906154ff","rect":[479,30,10,10],"offset":[0,0],"originalSize":[10,10],"capInsets":[0,0,0,0]}},{"__type__":"cc.SpriteFrame","content":{"name":"default_btn_pressed","texture":"b4P/PCArtIdIH38t6mlw8Y","rect":[0,0,40,40],"offset":[0,0],"originalSize":[40,40],"capInsets":[12,12,12,12]}},{"__type__":"cc.SpriteFrame","content":{"name":"default_btn_normal","texture":"e8Ueib+qJEhL6mXAHdnwbi","rect":[0,0,40,40],"offset":[0,0],"originalSize":[40,40],"capInsets":[12,12,12,12]}},[{"__type__":"cc.Prefab","_name":"LineToSubItem","data":{"__id__":1}},{"__type__":"cc.Node","_name":"LineToSubItem","_children":[{"__id__":2}],"_components":[{"__type__":"cc.Button","node":{"__id__":1},"_normalMaterial":{"__uuid__":"ecpdLyjvZBwrvm+cedCcQy"},"clickEvents":[{"__type__":"cc.ClickEvent","target":{"__id__":1},"_componentId":"6945fjgoidKtqvkf0+V05jV","handler":"onClickSelect"}],"_N$transition":1,"transition":1,"_N$pressedColor":{"__type__":"cc.Color","r":137,"g":161,"b":255},"pressedColor":{"__type__":"cc.Color","r":137,"g":161,"b":255},"_N$hoverColor":{"__type__":"cc.Color","r":137,"g":161,"b":255},"hoverColor":{"__type__":"cc.Color","r":137,"g":161,"b":255},"_N$disabledColor":{"__type__":"cc.Color","r":120,"g":120,"b":120,"a":200},"_N$normalSprite":{"__uuid__":"9cw24jW0FErYUSoKa7+Oex"},"_N$pressedSprite":{"__uuid__":"e97GVMl6JHh5Ml5qEDdSGa"},"pressedSprite":{"__uuid__":"e97GVMl6JHh5Ml5qEDdSGa"},"_N$hoverSprite":{"__uuid__":"f0BIwQ8D5Ml7nTNQbh1YlS"},"hoverSprite":{"__uuid__":"f0BIwQ8D5Ml7nTNQbh1YlS"},"_N$disabledSprite":{"__uuid__":"29FYIk+N1GYaeWH/q1NxQO"}},{"__type__":"cc.Sprite","node":{"__id__":1},"_materials":[{"__uuid__":"ecpdLyjvZBwrvm+cedCcQy"}],"_spriteFrame":{"__uuid__":"9cw24jW0FErYUSoKa7+Oex"},"_type":1,"_sizeMode":0},{"__type__":"6945fjgoidKtqvkf0+V05jV","node":{"__id__":1},"NameLabel":{"__id__":3}}],"_prefab":{"__type__":"cc.PrefabInfo","root":{"__id__":1},"asset":{"__uuid__":"faF06V4uNGCIq6UW7bm8Gg"},"fileId":"ee+Xvw9EZE+4ZUS7Q74tv2"},"_contentSize":{"__type__":"cc.Size","width":280,"height":40},"_trs":{"__type__":"TypedArray","ctor":"Float64Array","array":[0,0,0,0,0,0,1,1,1,1]}},{"__type__":"cc.Node","_name":"Label","_parent":{"__id__":1},"_components":[{"__id__":3}],"_prefab":{"__type__":"cc.PrefabInfo","root":{"__id__":1},"asset":{"__uuid__":"faF06V4uNGCIq6UW7bm8Gg"},"fileId":"67ISYj9t1LQ6fYxSi9x1O4"},"_color":{"__type__":"cc.Color"},"_contentSize":{"__type__":"cc.Size","width":270,"height":37.8},"_trs":{"__type__":"TypedArray","ctor":"Float64Array","array":[0,0,0,0,0,0,1,1,1,1]}},{"__type__":"cc.Label","node":{"__id__":2},"_materials":[{"__uuid__":"ecpdLyjvZBwrvm+cedCcQy"}],"_useOriginalSize":false,"_string":"State","_N$string":"State","_fontSize":24,"_lineHeight":30,"_enableWrapText":false,"_N$verticalAlign":1,"_N$overflow":1}]]