[{"__type__":"cc.SpriteFrame","content":{"name":"rect_round","texture":"1906154ff","rect":[3,271,250,250],"offset":[0,0],"originalSize":[250,250],"capInsets":[15,15,15,15]}},[{"__type__":"cc.Prefab","_name":"StateNode","data":{"__id__":1}},{"__type__":"cc.Node","_name":"StateNode","_children":[{"__id__":2},{"__id__":3},{"__id__":4},{"__id__":5}],"_components":[{"__type__":"93004C4InVHzrfgMWEwjPxv","node":{"__id__":1},"SelectNode":{"__id__":3},"BgNode":{"__id__":4},"NameLabel":{"__id__":6}}],"_prefab":{"__type__":"cc.PrefabInfo","root":{"__id__":1},"asset":{"__uuid__":"0c8BIxWcdLhJx8mll/BRd2"},"fileId":"77IjLw6dZKmbyRhySqx1Yx"},"_contentSize":{"__type__":"cc.Size","width":270,"height":60},"_trs":{"__type__":"TypedArray","ctor":"Float64Array","array":[0,0,0,0,0,0,1,1,1,1]}},{"__type__":"cc.Node","_name":"shadow","_parent":{"__id__":1},"_components":[{"__type__":"cc.Sprite","node":{"__id__":2},"_materials":[{"__uuid__":"ecpdLyjvZBwrvm+cedCcQy"}],"_spriteFrame":{"__uuid__":"aeZbSP34tOJ7va+bW9V7OB"},"_type":1,"_sizeMode":0}],"_prefab":{"__type__":"cc.PrefabInfo","root":{"__id__":1},"asset":{"__uuid__":"0c8BIxWcdLhJx8mll/BRd2"},"fileId":"69UdbhK85O8YkYo7GC+Vyo"},"_opacity":80,"_color":{"__type__":"cc.Color"},"_contentSize":{"__type__":"cc.Size","width":284,"height":74},"_trs":{"__type__":"TypedArray","ctor":"Float64Array","array":[0,0,0,0,0,0,1,1,1,1]}},{"__type__":"cc.Node","_name":"select","_parent":{"__id__":1},"_active":false,"_components":[{"__type__":"cc.Sprite","node":{"__id__":3},"_materials":[{"__uuid__":"ecpdLyjvZBwrvm+cedCcQy"}],"_spriteFrame":{"__uuid__":"aeZbSP34tOJ7va+bW9V7OB"},"_type":1,"_sizeMode":0}],"_prefab":{"__type__":"cc.PrefabInfo","root":{"__id__":1},"asset":{"__uuid__":"0c8BIxWcdLhJx8mll/BRd2"},"fileId":"cbtoEqcbVP5bSs6nB9k7Jx"},"_color":{"__type__":"cc.Color","r":43,"g":102,"b":255},"_contentSize":{"__type__":"cc.Size","width":284,"height":74},"_trs":{"__type__":"TypedArray","ctor":"Float64Array","array":[0,0,0,0,0,0,1,1,1,1]}},{"__type__":"cc.Node","_name":"bg","_parent":{"__id__":1},"_components":[{"__type__":"cc.Sprite","node":{"__id__":4},"_materials":[{"__uuid__":"ecpdLyjvZBwrvm+cedCcQy"}],"_spriteFrame":{"__uuid__":"025ITmU05Cwp68ismjgPVz"},"_type":1,"_sizeMode":0}],"_prefab":{"__type__":"cc.PrefabInfo","root":{"__id__":1},"asset":{"__uuid__":"0c8BIxWcdLhJx8mll/BRd2"},"fileId":"66Z2Y3Ti5K0LvECLFHypAI"},"_color":{"__type__":"cc.Color","r":150,"g":150,"b":150},"_contentSize":{"__type__":"cc.Size","width":270,"height":60},"_trs":{"__type__":"TypedArray","ctor":"Float64Array","array":[0,0,0,0,0,0,1,1,1,1]}},{"__type__":"cc.Node","_name":"name","_parent":{"__id__":1},"_components":[{"__id__":6}],"_prefab":{"__type__":"cc.PrefabInfo","root":{"__id__":1},"asset":{"__uuid__":"0c8BIxWcdLhJx8mll/BRd2"},"fileId":"2aMMvW4hdDLIYX5vDpWy5H"},"_contentSize":{"__type__":"cc.Size","width":112.08,"height":60.48},"_trs":{"__type__":"TypedArray","ctor":"Float64Array","array":[0,0,0,0,0,0,1,0.5,0.5,1]}},{"__type__":"cc.Label","node":{"__id__":5},"_materials":[{"__uuid__":"ecpdLyjvZBwrvm+cedCcQy"}],"_useOriginalSize":false,"_string":"State","_N$string":"State","_fontSize":48,"_lineHeight":48,"_N$horizontalAlign":1,"_N$verticalAlign":1}],{"__type__":"cc.SpriteFrame","content":{"name":"outline_round","texture":"1906154ff","rect":[3,3,262,262],"offset":[0,0],"originalSize":[262,262],"capInsets":[20,20,20,20]}}]