[[{"__type__":"cc.Prefab","_name":"TransitionItem","data":{"__id__":1}},{"__type__":"cc.Node","_name":"TransitionItem","_children":[{"__id__":2},{"__id__":3},{"__id__":4}],"_components":[{"__type__":"7372eZ1ldFLxpalJlrK/kxY","node":{"__id__":1},"Bg":{"__id__":2},"Arrow":{"__id__":3},"Label":{"__id__":5}}],"_prefab":{"__type__":"cc.PrefabInfo","root":{"__id__":1},"asset":{"__uuid__":"15UGCZko9Kiqf38wikvRgu"},"fileId":"5fPfYDkdVAQqNZnI/VqyX6"},"_contentSize":{"__type__":"cc.Size","width":350,"height":40},"_trs":{"__type__":"TypedArray","ctor":"Float64Array","array":[0,0,0,0,0,0,1,1,1,1]}},{"__type__":"cc.Node","_name":"bg","_parent":{"__id__":1},"_components":[{"__type__":"cc.Widget","node":{"__id__":2},"_alignFlags":40,"_originalWidth":350},{"__type__":"cc.Sprite","node":{"__id__":2},"_materials":[{"__uuid__":"ecpdLyjvZBwrvm+cedCcQy"}],"_spriteFrame":{"__uuid__":"dc/rLddmJJyY33PU8ginUs"},"_type":1,"_sizeMode":0}],"_prefab":{"__type__":"cc.PrefabInfo","root":{"__id__":1},"asset":{"__uuid__":"15UGCZko9Kiqf38wikvRgu"},"fileId":"55K/vcqAVIZpVjAfJj+Fp1"},"_color":{"__type__":"cc.Color","r":137,"g":161,"b":255},"_contentSize":{"__type__":"cc.Size","width":350,"height":40},"_trs":{"__type__":"TypedArray","ctor":"Float64Array","array":[0,0,0,0,0,0,1,1,1,1]}},{"__type__":"cc.Node","_name":"arrow","_parent":{"__id__":1},"_components":[{"__type__":"cc.Widget","node":{"__id__":3},"_alignFlags":8,"_left":5.75},{"__type__":"cc.Sprite","node":{"__id__":3},"_materials":[{"__uuid__":"ecpdLyjvZBwrvm+cedCcQy"}],"_spriteFrame":{"__uuid__":"48/5Tpla5HtKXZOLw619Bz"}}],"_prefab":{"__type__":"cc.PrefabInfo","root":{"__id__":1},"asset":{"__uuid__":"15UGCZko9Kiqf38wikvRgu"},"fileId":"80v+uHAWVAO7jPPfv9JoX+"},"_contentSize":{"__type__":"cc.Size","width":74,"height":126},"_trs":{"__type__":"TypedArray","ctor":"Float64Array","array":[-160,0,0,0,0,0,1,0.25,0.25,1]}},{"__type__":"cc.Node","_name":"New Label","_parent":{"__id__":1},"_components":[{"__type__":"cc.Widget","node":{"__id__":4},"_alignFlags":40,"_left":30,"_originalWidth":320},{"__id__":5}],"_prefab":{"__type__":"cc.PrefabInfo","root":{"__id__":1},"asset":{"__uuid__":"15UGCZko9Kiqf38wikvRgu"},"fileId":"f30+KDYe5GSK30P1HjvQMY"},"_contentSize":{"__type__":"cc.Size","width":320,"height":40.32},"_anchorPoint":{"__type__":"cc.Vec2","y":0.5},"_trs":{"__type__":"TypedArray","ctor":"Float64Array","array":[-145,0,0,0,0,0,1,1,1,1]}},{"__type__":"cc.Label","node":{"__id__":4},"_materials":[{"__uuid__":"ecpdLyjvZBwrvm+cedCcQy"}],"_useOriginalSize":false,"_string":"Label","_N$string":"Label","_fontSize":24,"_lineHeight":32,"_enableWrapText":false,"_N$verticalAlign":1,"_N$overflow":1}],{"__type__":"cc.SpriteFrame","content":{"name":"arrow","texture":"1906154ff","rect":[366,318,74,126],"offset":[0,0],"originalSize":[128,128],"rotated":1,"capInsets":[0,0,0,0]}},{"__type__":"cc.SpriteFrame","content":{"name":"rect","texture":"1906154ff","rect":[271,3,202,202],"offset":[0,0],"originalSize":[202,202],"capInsets":[3,3,3,3]}}]