[{"__type__":"cc.SpriteFrame","content":{"name":"block","texture":"1906154ff","rect":[479,30,10,10],"offset":[0,0],"originalSize":[10,10],"capInsets":[0,0,0,0]}},[{"__type__":"cc.Prefab","_name":"ParamSelectItem","data":{"__id__":1}},{"__type__":"cc.Node","_name":"ParamSelectItem","_children":[{"__id__":2}],"_components":[{"__type__":"cc.Sprite","node":{"__id__":1},"_materials":[{"__uuid__":"ecpdLyjvZBwrvm+cedCcQy"}],"_spriteFrame":{"__uuid__":"9cw24jW0FErYUSoKa7+Oex"},"_sizeMode":0},{"__type__":"cc.Button","node":{"__id__":1},"_normalMaterial":{"__uuid__":"ecpdLyjvZBwrvm+cedCcQy"},"clickEvents":[{"__type__":"cc.ClickEvent","target":{"__id__":1},"_componentId":"93f5czButJJz62NWXvqIWnj","handler":"onClick"}],"_N$transition":1,"transition":1,"_N$pressedColor":{"__type__":"cc.Color","r":137,"g":161,"b":255},"pressedColor":{"__type__":"cc.Color","r":137,"g":161,"b":255},"_N$hoverColor":{"__type__":"cc.Color","r":137,"g":161,"b":255},"hoverColor":{"__type__":"cc.Color","r":137,"g":161,"b":255}},{"__type__":"93f5czButJJz62NWXvqIWnj","node":{"__id__":1},"ParamName":{"__id__":3}}],"_prefab":{"__type__":"cc.PrefabInfo","root":{"__id__":1},"asset":{"__uuid__":"bdEcu0KHhERKVYY5YPDKkx"},"fileId":"68TO0iMPxOwo/9dKtXKedW"},"_contentSize":{"__type__":"cc.Size","width":145,"height":40},"_trs":{"__type__":"TypedArray","ctor":"Float64Array","array":[0,0,0,0,0,0,1,1,1,1]}},{"__type__":"cc.Node","_name":"New Label","_parent":{"__id__":1},"_components":[{"__type__":"cc.Widget","node":{"__id__":2},"_alignFlags":40,"_left":5,"_right":5,"_originalWidth":135},{"__id__":3}],"_prefab":{"__type__":"cc.PrefabInfo","root":{"__id__":1},"asset":{"__uuid__":"bdEcu0KHhERKVYY5YPDKkx"},"fileId":"4d6ZMnzSdJHauzrxuxF0uV"},"_color":{"__type__":"cc.Color"},"_contentSize":{"__type__":"cc.Size","width":135,"height":50.4},"_trs":{"__type__":"TypedArray","ctor":"Float64Array","array":[0,0,0,0,0,0,1,1,1,1]}},{"__type__":"cc.Label","node":{"__id__":2},"_materials":[{"__uuid__":"ecpdLyjvZBwrvm+cedCcQy"}],"_useOriginalSize":false,"_string":"paramName","_N$string":"paramName","_fontSize":24,"_lineHeight":30,"_enableWrapText":false,"_N$verticalAlign":1,"_N$overflow":1}]]