[[{"__type__":"cc.Prefab","_name":"BarItem","data":{"__id__":1}},{"__type__":"cc.Node","_name":"BarItem","_children":[{"__id__":2},{"__id__":3}],"_components":[{"__type__":"cc.Button","node":{"__id__":1},"_normalMaterial":{"__uuid__":"ecpdLyjvZBwrvm+cedCcQy"},"clickEvents":[{"__type__":"cc.ClickEvent","target":{"__id__":1},"_componentId":"68573mjffVPYZnh778Bdc81","handler":"onClick"}],"_N$transition":1,"transition":1,"_N$normalColor":{"__type__":"cc.Color","r":80,"g":80,"b":80},"_N$pressedColor":{"__type__":"cc.Color","r":50,"g":50,"b":50},"pressedColor":{"__type__":"cc.Color","r":50,"g":50,"b":50},"_N$hoverColor":{"__type__":"cc.Color","r":80,"g":80,"b":80},"hoverColor":{"__type__":"cc.Color","r":80,"g":80,"b":80},"_N$disabledColor":{"__type__":"cc.Color","r":100,"g":100,"b":100},"_N$target":{"__id__":2}},{"__type__":"68573mjffVPYZnh778Bdc81","node":{"__id__":1},"BgNode":{"__id__":2},"NameLabel":{"__id__":4},"BgFrames":[{"__uuid__":"f5fnOo2fJLzLBR339QOr4f"},{"__uuid__":"dcdVQnYtxIK7KA1LjSXbIC"}]}],"_prefab":{"__type__":"cc.PrefabInfo","root":{"__id__":1},"asset":{"__uuid__":"d2x864kSpLtIRxvadjLI9N"},"fileId":"42xefkIRdGJ4c/gso+a4eH"},"_contentSize":{"__type__":"cc.Size","width":164.74,"height":50},"_anchorPoint":{"__type__":"cc.Vec2","y":0.5},"_trs":{"__type__":"TypedArray","ctor":"Float64Array","array":[0,0,0,0,0,0,1,1,1,1]}},{"__type__":"cc.Node","_name":"bg","_parent":{"__id__":1},"_components":[{"__type__":"cc.Sprite","node":{"__id__":2},"_materials":[{"__uuid__":"ecpdLyjvZBwrvm+cedCcQy"}],"_spriteFrame":{"__uuid__":"dcdVQnYtxIK7KA1LjSXbIC"},"_type":1,"_sizeMode":0}],"_prefab":{"__type__":"cc.PrefabInfo","root":{"__id__":1},"asset":{"__uuid__":"d2x864kSpLtIRxvadjLI9N"},"fileId":"59JPWLcClBqqRps7fLLKWa"},"_color":{"__type__":"cc.Color","r":80,"g":80,"b":80},"_contentSize":{"__type__":"cc.Size","width":389.48,"height":100},"_anchorPoint":{"__type__":"cc.Vec2","y":0.5},"_trs":{"__type__":"TypedArray","ctor":"Float64Array","array":[0,0,0,0,0,0,1,0.5,0.5,1]}},{"__type__":"cc.Node","_name":"name","_parent":{"__id__":1},"_components":[{"__id__":4}],"_prefab":{"__type__":"cc.PrefabInfo","root":{"__id__":1},"asset":{"__uuid__":"d2x864kSpLtIRxvadjLI9N"},"fileId":"26N+BUYqtEsKCL5DdEuIPp"},"_contentSize":{"__type__":"cc.Size","width":114.74,"height":40.32},"_anchorPoint":{"__type__":"cc.Vec2","y":0.5},"_trs":{"__type__":"TypedArray","ctor":"Float64Array","array":[35,0,0,0,0,0,1,1,1,1]}},{"__type__":"cc.Label","node":{"__id__":3},"_materials":[{"__uuid__":"ecpdLyjvZBwrvm+cedCcQy"}],"_useOriginalSize":false,"_string":"BaseLayer","_N$string":"BaseLayer","_fontSize":24,"_lineHeight":32,"_N$horizontalAlign":1,"_N$verticalAlign":1}],{"__type__":"cc.SpriteFrame","content":{"name":"bar2","texture":"1906154ff","rect":[182,527,160,101],"offset":[0,0],"originalSize":[160,101],"rotated":1,"capInsets":[70,0,70,0]}},{"__type__":"cc.SpriteFrame","content":{"name":"bar1","texture":"1906154ff","rect":[259,318,160,101],"offset":[0,0],"originalSize":[160,101],"rotated":1,"capInsets":[60,0,70,0]}}]