[{"__type__":"cc.SpriteFrame","content":{"name":"arrow","texture":"1906154ff","rect":[366,318,74,126],"offset":[0,0],"originalSize":[128,128],"rotated":1,"capInsets":[0,0,0,0]}},[{"__type__":"cc.Prefab","_name":"ParamItem","data":{"__id__":1}},{"__type__":"cc.Node","_name":"ParamItem","_children":[{"__id__":2},{"__id__":3},{"__id__":4},{"__id__":6},{"__id__":14}],"_components":[{"__type__":"37ea8w2l01BzryuRRrDyld2","node":{"__id__":1},"Bg":{"__id__":2},"NameEdit":{"__id__":13},"InitValue":{"__id__":14}}],"_prefab":{"__type__":"cc.PrefabInfo","root":{"__id__":1},"asset":{"__uuid__":"57q5Vsa+VO0ZB2qmhzcJH5"},"fileId":"23l9ct4TJNlpEAQMXrlBN1"},"_color":{"__type__":"cc.Color","r":100,"g":100,"b":100},"_contentSize":{"__type__":"cc.Size","width":300,"height":40},"_trs":{"__type__":"TypedArray","ctor":"Float64Array","array":[0,0,0,0,0,0,1,1,1,1]}},{"__type__":"cc.Node","_name":"bg","_parent":{"__id__":1},"_components":[{"__type__":"cc.Widget","node":{"__id__":2},"_alignFlags":40,"_originalWidth":300},{"__type__":"cc.Sprite","node":{"__id__":2},"_materials":[{"__uuid__":"ecpdLyjvZBwrvm+cedCcQy"}],"_spriteFrame":{"__uuid__":"dc/rLddmJJyY33PU8ginUs"},"_type":1,"_sizeMode":0}],"_prefab":{"__type__":"cc.PrefabInfo","root":{"__id__":1},"asset":{"__uuid__":"57q5Vsa+VO0ZB2qmhzcJH5"},"fileId":"e6lwnkpx1G26Chh5h7JDb4"},"_color":{"__type__":"cc.Color","r":137,"g":161,"b":255},"_contentSize":{"__type__":"cc.Size","width":300,"height":40},"_trs":{"__type__":"TypedArray","ctor":"Float64Array","array":[0,0,0,0,0,0,1,1,1,1]}},{"__type__":"cc.Node","_name":"arrow","_parent":{"__id__":1},"_components":[{"__type__":"cc.Widget","node":{"__id__":3},"_alignFlags":8,"_left":5.75},{"__type__":"cc.Sprite","node":{"__id__":3},"_materials":[{"__uuid__":"ecpdLyjvZBwrvm+cedCcQy"}],"_spriteFrame":{"__uuid__":"48/5Tpla5HtKXZOLw619Bz"}}],"_prefab":{"__type__":"cc.PrefabInfo","root":{"__id__":1},"asset":{"__uuid__":"57q5Vsa+VO0ZB2qmhzcJH5"},"fileId":"b1jj0yKp9ARY6NEPQG5bTO"},"_contentSize":{"__type__":"cc.Size","width":74,"height":126},"_trs":{"__type__":"TypedArray","ctor":"Float64Array","array":[-135,0,0,0,0,0,1,0.25,0.25,1]}},{"__type__":"cc.Node","_name":"deleteBtn","_parent":{"__id__":1},"_children":[{"__id__":5}],"_components":[{"__type__":"cc.Widget","node":{"__id__":4},"_alignFlags":32,"_right":15},{"__type__":"cc.Button","node":{"__id__":4},"_normalMaterial":{"__uuid__":"ecpdLyjvZBwrvm+cedCcQy"},"clickEvents":[{"__type__":"cc.ClickEvent","target":{"__id__":1},"_componentId":"37ea8w2l01BzryuRRrDyld2","handler":"onClickDelete"}],"_N$transition":1,"transition":1,"_N$normalColor":{"__type__":"cc.Color","r":220,"g":220,"b":220},"_N$pressedColor":{"__type__":"cc.Color","r":120,"g":120,"b":120},"pressedColor":{"__type__":"cc.Color","r":120,"g":120,"b":120},"_N$disabledColor":{"__type__":"cc.Color","r":120,"g":120,"b":120},"_N$target":{"__id__":5}}],"_prefab":{"__type__":"cc.PrefabInfo","root":{"__id__":1},"asset":{"__uuid__":"57q5Vsa+VO0ZB2qmhzcJH5"},"fileId":"62GDk6yGJGtqpQXqdlPbN0"},"_contentSize":{"__type__":"cc.Size","width":30,"height":30},"_trs":{"__type__":"TypedArray","ctor":"Float64Array","array":[120,0,0,0,0,0,1,1,1,1]}},{"__type__":"cc.Node","_name":"pic","_parent":{"__id__":4},"_components":[{"__type__":"cc.Sprite","node":{"__id__":5},"_materials":[{"__uuid__":"ecpdLyjvZBwrvm+cedCcQy"}],"_spriteFrame":{"__uuid__":"9cw24jW0FErYUSoKa7+Oex"},"_sizeMode":0}],"_prefab":{"__type__":"cc.PrefabInfo","root":{"__id__":1},"asset":{"__uuid__":"57q5Vsa+VO0ZB2qmhzcJH5"},"fileId":"058WzdJ3xABIv2u0bOqMqg"},"_color":{"__type__":"cc.Color","r":220,"g":220,"b":220},"_contentSize":{"__type__":"cc.Size","width":20,"height":5},"_trs":{"__type__":"TypedArray","ctor":"Float64Array","array":[0,0,0,0,0,0,1,1,1,1]}},{"__type__":"cc.Node","_name":"editBox","_parent":{"__id__":1},"_children":[{"__id__":7},{"__id__":9},{"__id__":11}],"_components":[{"__type__":"cc.Widget","node":{"__id__":6},"_alignFlags":40,"_left":30,"_right":130,"_originalWidth":150},{"__id__":13}],"_prefab":{"__type__":"cc.PrefabInfo","root":{"__id__":1},"asset":{"__uuid__":"57q5Vsa+VO0ZB2qmhzcJH5"},"fileId":"05ov5bURBFoJNs6LknGWR6"},"_contentSize":{"__type__":"cc.Size","width":140,"height":30},"_anchorPoint":{"__type__":"cc.Vec2","y":0.5},"_trs":{"__type__":"TypedArray","ctor":"Float64Array","array":[-120,0,0,0,0,0,1,1,1,1]}},{"__type__":"cc.Node","_name":"BACKGROUND_SPRITE","_parent":{"__id__":6},"_components":[{"__id__":8},{"__type__":"cc.Widget","node":{"__id__":7},"alignMode":0,"_alignFlags":45,"_originalWidth":160,"_originalHeight":40}],"_prefab":{"__type__":"cc.PrefabInfo","root":{"__id__":1},"asset":{"__uuid__":"57q5Vsa+VO0ZB2qmhzcJH5"},"fileId":"9aVEqzCqhKTL2Q7hmElIfN"},"_color":{"__type__":"cc.Color","r":40,"g":40,"b":40},"_contentSize":{"__type__":"cc.Size","width":140,"height":30},"_trs":{"__type__":"TypedArray","ctor":"Float64Array","array":[70,0,0,0,0,0,1,1,1,1]}},{"__type__":"cc.Sprite","node":{"__id__":7},"_materials":[{"__uuid__":"ecpdLyjvZBwrvm+cedCcQy"}],"_spriteFrame":{"__uuid__":"9cw24jW0FErYUSoKa7+Oex"},"_type":1,"_sizeMode":0},{"__type__":"cc.Node","_name":"TEXT_LABEL","_parent":{"__id__":6},"_active":false,"_components":[{"__id__":10},{"__type__":"cc.Widget","node":{"__id__":9},"alignMode":0,"_alignFlags":45,"_left":2,"_originalWidth":158,"_originalHeight":40}],"_prefab":{"__type__":"cc.PrefabInfo","root":{"__id__":1},"asset":{"__uuid__":"57q5Vsa+VO0ZB2qmhzcJH5"},"fileId":"378a0I6yRH6IUGngqo/cg3"},"_contentSize":{"__type__":"cc.Size","width":148,"height":30},"_anchorPoint":{"__type__":"cc.Vec2","y":1},"_trs":{"__type__":"TypedArray","ctor":"Float64Array","array":[2,15,0,0,0,0,1,1,1,1]}},{"__type__":"cc.Label","node":{"__id__":9},"_materials":[{"__uuid__":"ecpdLyjvZBwrvm+cedCcQy"}],"_fontSize":20,"_lineHeight":25,"_enableWrapText":false,"_N$verticalAlign":1,"_N$overflow":1},{"__type__":"cc.Node","_name":"PLACEHOLDER_LABEL","_parent":{"__id__":6},"_components":[{"__id__":12},{"__type__":"cc.Widget","node":{"__id__":11},"alignMode":0,"_alignFlags":45,"_left":2,"_originalWidth":158,"_originalHeight":40}],"_prefab":{"__type__":"cc.PrefabInfo","root":{"__id__":1},"asset":{"__uuid__":"57q5Vsa+VO0ZB2qmhzcJH5"},"fileId":"2bu23QCzhK/p/+DZ3YtSaK"},"_color":{"__type__":"cc.Color","r":187,"g":187,"b":187},"_contentSize":{"__type__":"cc.Size","width":138,"height":30},"_anchorPoint":{"__type__":"cc.Vec2","y":1},"_trs":{"__type__":"TypedArray","ctor":"Float64Array","array":[2,15,0,0,0,0,1,1,1,1]}},{"__type__":"cc.Label","node":{"__id__":11},"_materials":[{"__uuid__":"ecpdLyjvZBwrvm+cedCcQy"}],"_fontSize":20,"_lineHeight":25,"_enableWrapText":false,"_N$verticalAlign":1,"_N$overflow":1},{"__type__":"cc.EditBox","node":{"__id__":6},"_useOriginalSize":false,"maxLength":32,"editingDidBegan":[{"__type__":"cc.ClickEvent","target":{"__id__":1},"_componentId":"37ea8w2l01BzryuRRrDyld2","handler":"onNameEditBegan"}],"textChanged":[{"__type__":"cc.ClickEvent","target":{"__id__":1},"_componentId":"37ea8w2l01BzryuRRrDyld2","handler":"onNameChanged"}],"_N$textLabel":{"__id__":10},"_N$placeholderLabel":{"__id__":12},"_N$background":{"__id__":8},"_N$inputMode":6},{"__type__":"cc.Node","_name":"initValue","_parent":{"__id__":1},"_children":[{"__id__":15},{"__id__":19},{"__id__":26},{"__id__":30}],"_components":[{"__type__":"cc.Widget","node":{"__id__":14},"_alignFlags":32,"_right":115}],"_prefab":{"__type__":"cc.PrefabInfo","root":{"__id__":1},"asset":{"__uuid__":"57q5Vsa+VO0ZB2qmhzcJH5"},"fileId":"90EZnpSOZE4Jz9L6RBKS23"},"_trs":{"__type__":"TypedArray","ctor":"Float64Array","array":[35,0,0,0,0,0,1,1,1,1]}},{"__type__":"cc.Node","_name":"boolean","_parent":{"__id__":14},"_children":[{"__id__":16},{"__id__":17}],"_active":false,"_components":[{"__type__":"cc.Toggle","node":{"__id__":15},"_normalMaterial":{"__uuid__":"ecpdLyjvZBwrvm+cedCcQy"},"_N$normalColor":{"__type__":"cc.Color","r":214,"g":214,"b":214},"_N$target":{"__id__":16},"checkMark":{"__id__":18},"checkEvents":[{"__type__":"cc.ClickEvent","target":{"__id__":1},"_componentId":"37ea8w2l01BzryuRRrDyld2","handler":"onBooleanCheckd"}]}],"_prefab":{"__type__":"cc.PrefabInfo","root":{"__id__":1},"asset":{"__uuid__":"57q5Vsa+VO0ZB2qmhzcJH5"},"fileId":"25X7WH4c1FuZrEPCTkYOxe"},"_contentSize":{"__type__":"cc.Size","width":28,"height":28},"_trs":{"__type__":"TypedArray","ctor":"Float64Array","array":[14,0,0,0,0,0,1,1,1,1]}},{"__type__":"cc.Node","_name":"Background","_parent":{"__id__":15},"_components":[{"__type__":"cc.Sprite","node":{"__id__":16},"_materials":[{"__uuid__":"ecpdLyjvZBwrvm+cedCcQy"}],"_spriteFrame":{"__uuid__":"9cw24jW0FErYUSoKa7+Oex"},"_sizeMode":0}],"_prefab":{"__type__":"cc.PrefabInfo","root":{"__id__":1},"asset":{"__uuid__":"57q5Vsa+VO0ZB2qmhzcJH5"},"fileId":"b7Sqx4JQ1FUJPllu+UIYA6"},"_color":{"__type__":"cc.Color","r":40,"g":40,"b":40},"_contentSize":{"__type__":"cc.Size","width":28,"height":28},"_trs":{"__type__":"TypedArray","ctor":"Float64Array","array":[0,0,0,0,0,0,1,1,1,1]}},{"__type__":"cc.Node","_name":"checkmark","_parent":{"__id__":15},"_components":[{"__id__":18}],"_prefab":{"__type__":"cc.PrefabInfo","root":{"__id__":1},"asset":{"__uuid__":"57q5Vsa+VO0ZB2qmhzcJH5"},"fileId":"56LiMm5M9Bz54hH145cR98"},"_contentSize":{"__type__":"cc.Size","width":23,"height":23},"_trs":{"__type__":"TypedArray","ctor":"Float64Array","array":[0,0,0,0,0,0,1,1,1,1]}},{"__type__":"cc.Sprite","node":{"__id__":17},"_materials":[{"__uuid__":"ecpdLyjvZBwrvm+cedCcQy"}],"_spriteFrame":{"__uuid__":"7da1bPThVItKXQ5D6irdV6"},"_sizeMode":0,"_isTrimmedMode":false},{"__type__":"cc.Node","_name":"number","_parent":{"__id__":14},"_children":[{"__id__":20},{"__id__":22},{"__id__":24}],"_components":[{"__type__":"cc.EditBox","node":{"__id__":19},"_useOriginalSize":false,"_string":"0","maxLength":32,"editingDidBegan":[{"__type__":"cc.ClickEvent","target":{"__id__":1},"_componentId":"37ea8w2l01BzryuRRrDyld2","handler":"onNumberEditBegan"}],"textChanged":[{"__type__":"cc.ClickEvent","target":{"__id__":1},"_componentId":"37ea8w2l01BzryuRRrDyld2","handler":"onNumberChanged"}],"_N$textLabel":{"__id__":23},"_N$placeholderLabel":{"__id__":25},"_N$background":{"__id__":21},"_N$inputMode":6}],"_prefab":{"__type__":"cc.PrefabInfo","root":{"__id__":1},"asset":{"__uuid__":"57q5Vsa+VO0ZB2qmhzcJH5"},"fileId":"23pRNE55ZLZLh2CAlr8Fo/"},"_contentSize":{"__type__":"cc.Size","width":65,"height":28},"_anchorPoint":{"__type__":"cc.Vec2","y":0.5},"_trs":{"__type__":"TypedArray","ctor":"Float64Array","array":[0,0,0,0,0,0,1,1,1,1]}},{"__type__":"cc.Node","_name":"BACKGROUND_SPRITE","_parent":{"__id__":19},"_components":[{"__id__":21},{"__type__":"cc.Widget","node":{"__id__":20},"alignMode":0,"_alignFlags":45,"_originalWidth":160,"_originalHeight":40}],"_prefab":{"__type__":"cc.PrefabInfo","root":{"__id__":1},"asset":{"__uuid__":"57q5Vsa+VO0ZB2qmhzcJH5"},"fileId":"e65Q0BitRKxbCkOlAW/aaE"},"_color":{"__type__":"cc.Color","r":40,"g":40,"b":40},"_contentSize":{"__type__":"cc.Size","width":65,"height":28},"_trs":{"__type__":"TypedArray","ctor":"Float64Array","array":[32.5,0,0,0,0,0,1,1,1,1]}},{"__type__":"cc.Sprite","node":{"__id__":20},"_materials":[{"__uuid__":"ecpdLyjvZBwrvm+cedCcQy"}],"_spriteFrame":{"__uuid__":"9cw24jW0FErYUSoKa7+Oex"},"_type":1,"_sizeMode":0},{"__type__":"cc.Node","_name":"TEXT_LABEL","_parent":{"__id__":19},"_components":[{"__id__":23},{"__type__":"cc.Widget","node":{"__id__":22},"alignMode":0,"_alignFlags":45,"_left":2,"_originalWidth":158,"_originalHeight":40}],"_prefab":{"__type__":"cc.PrefabInfo","root":{"__id__":1},"asset":{"__uuid__":"57q5Vsa+VO0ZB2qmhzcJH5"},"fileId":"d4IwJJ6vdMMrd6OjhSUUJu"},"_contentSize":{"__type__":"cc.Size","width":63,"height":28},"_anchorPoint":{"__type__":"cc.Vec2","y":1},"_trs":{"__type__":"TypedArray","ctor":"Float64Array","array":[2,14,0,0,0,0,1,1,1,1]}},{"__type__":"cc.Label","node":{"__id__":22},"_materials":[{"__uuid__":"ecpdLyjvZBwrvm+cedCcQy"}],"_string":"0","_N$string":"0","_fontSize":20,"_lineHeight":25,"_enableWrapText":false,"_N$verticalAlign":1,"_N$overflow":1},{"__type__":"cc.Node","_name":"PLACEHOLDER_LABEL","_parent":{"__id__":19},"_active":false,"_components":[{"__id__":25},{"__type__":"cc.Widget","node":{"__id__":24},"alignMode":0,"_alignFlags":45,"_left":2,"_originalWidth":158,"_originalHeight":40}],"_prefab":{"__type__":"cc.PrefabInfo","root":{"__id__":1},"asset":{"__uuid__":"57q5Vsa+VO0ZB2qmhzcJH5"},"fileId":"d8ZKjZAi1O7Z7eYmLWdscq"},"_color":{"__type__":"cc.Color","r":187,"g":187,"b":187},"_contentSize":{"__type__":"cc.Size","width":58,"height":28},"_anchorPoint":{"__type__":"cc.Vec2","y":1},"_trs":{"__type__":"TypedArray","ctor":"Float64Array","array":[2,14,0,0,0,0,1,1,1,1]}},{"__type__":"cc.Label","node":{"__id__":24},"_materials":[{"__uuid__":"ecpdLyjvZBwrvm+cedCcQy"}],"_fontSize":20,"_lineHeight":25,"_enableWrapText":false,"_N$verticalAlign":1,"_N$overflow":1},{"__type__":"cc.Node","_name":"trigger","_parent":{"__id__":14},"_children":[{"__id__":27},{"__id__":28}],"_active":false,"_components":[{"__type__":"cc.Toggle","node":{"__id__":26},"_N$normalColor":{"__type__":"cc.Color","r":214,"g":214,"b":214},"_N$target":{"__id__":27},"_N$isChecked":false,"checkMark":{"__id__":29},"checkEvents":[{"__type__":"cc.ClickEvent","target":{"__id__":1},"_componentId":"37ea8w2l01BzryuRRrDyld2","handler":"onTriggerCheckd"}]}],"_prefab":{"__type__":"cc.PrefabInfo","root":{"__id__":1},"asset":{"__uuid__":"57q5Vsa+VO0ZB2qmhzcJH5"},"fileId":"07zoXkED5NKpsI62Aj1uB2"},"_contentSize":{"__type__":"cc.Size","width":28,"height":28},"_trs":{"__type__":"TypedArray","ctor":"Float64Array","array":[14,0,0,0,0,0,1,1,1,1]}},{"__type__":"cc.Node","_name":"Background","_parent":{"__id__":26},"_components":[{"__type__":"cc.Sprite","node":{"__id__":27},"_materials":[{"__uuid__":"ecpdLyjvZBwrvm+cedCcQy"}],"_spriteFrame":{"__uuid__":"c5KGVEhkVG8IlAzdeu3Ca+"},"_sizeMode":0}],"_prefab":{"__type__":"cc.PrefabInfo","root":{"__id__":1},"asset":{"__uuid__":"57q5Vsa+VO0ZB2qmhzcJH5"},"fileId":"73eEKBanxKCYD7aKpaQN21"},"_color":{"__type__":"cc.Color","r":40,"g":40,"b":40},"_contentSize":{"__type__":"cc.Size","width":28,"height":28},"_trs":{"__type__":"TypedArray","ctor":"Float64Array","array":[0,0,0,0,0,0,1,1,1,1]}},{"__type__":"cc.Node","_name":"checkmark","_parent":{"__id__":26},"_active":false,"_components":[{"__id__":29}],"_prefab":{"__type__":"cc.PrefabInfo","root":{"__id__":1},"asset":{"__uuid__":"57q5Vsa+VO0ZB2qmhzcJH5"},"fileId":"b7kJsO/UNKfK9zYnIjiLbW"},"_contentSize":{"__type__":"cc.Size","width":16,"height":16},"_trs":{"__type__":"TypedArray","ctor":"Float64Array","array":[0,0,0,0,0,0,1,1,1,1]}},{"__type__":"cc.Sprite","node":{"__id__":28},"_materials":[{"__uuid__":"ecpdLyjvZBwrvm+cedCcQy"}],"_spriteFrame":{"__uuid__":"c5KGVEhkVG8IlAzdeu3Ca+"},"_sizeMode":0},{"__type__":"cc.Node","_name":"float","_parent":{"__id__":14},"_children":[{"__id__":31},{"__id__":33},{"__id__":35}],"_active":false,"_components":[{"__type__":"cc.EditBox","node":{"__id__":30},"_useOriginalSize":false,"_string":"0","maxLength":32,"editingDidBegan":[{"__type__":"cc.ClickEvent","target":{"__id__":1},"_componentId":"37ea8w2l01BzryuRRrDyld2","handler":"onNumberEditBegan"}],"textChanged":[{"__type__":"cc.ClickEvent","target":{"__id__":1},"_componentId":"37ea8w2l01BzryuRRrDyld2","handler":"onNumberChanged"}],"_N$textLabel":{"__id__":34},"_N$placeholderLabel":{"__id__":36},"_N$background":{"__id__":32},"_N$inputMode":6}],"_prefab":{"__type__":"cc.PrefabInfo","root":{"__id__":1},"asset":{"__uuid__":"57q5Vsa+VO0ZB2qmhzcJH5"},"fileId":"28mY8BCZRKUpebxjL6HqTU"},"_contentSize":{"__type__":"cc.Size","width":65,"height":28},"_anchorPoint":{"__type__":"cc.Vec2","y":0.5},"_trs":{"__type__":"TypedArray","ctor":"Float64Array","array":[0,0,0,0,0,0,1,1,1,1]}},{"__type__":"cc.Node","_name":"BACKGROUND_SPRITE","_parent":{"__id__":30},"_components":[{"__id__":32},{"__type__":"cc.Widget","node":{"__id__":31},"alignMode":0,"_alignFlags":45,"_originalWidth":160,"_originalHeight":40}],"_prefab":{"__type__":"cc.PrefabInfo","root":{"__id__":1},"asset":{"__uuid__":"57q5Vsa+VO0ZB2qmhzcJH5"},"fileId":"03nEwlaJxF2paqQBWd9HI3"},"_color":{"__type__":"cc.Color","r":174,"g":49,"b":49},"_contentSize":{"__type__":"cc.Size","width":65,"height":28},"_trs":{"__type__":"TypedArray","ctor":"Float64Array","array":[32.5,0,0,0,0,0,1,1,1,1]}},{"__type__":"cc.Sprite","node":{"__id__":31},"_materials":[{"__uuid__":"ecpdLyjvZBwrvm+cedCcQy"}],"_spriteFrame":{"__uuid__":"9cw24jW0FErYUSoKa7+Oex"},"_type":1,"_sizeMode":0},{"__type__":"cc.Node","_name":"TEXT_LABEL","_parent":{"__id__":30},"_components":[{"__id__":34},{"__type__":"cc.Widget","node":{"__id__":33},"alignMode":0,"_alignFlags":45,"_left":2,"_originalWidth":158,"_originalHeight":40}],"_prefab":{"__type__":"cc.PrefabInfo","root":{"__id__":1},"asset":{"__uuid__":"57q5Vsa+VO0ZB2qmhzcJH5"},"fileId":"07ybBrs0hOLLvPl3U4O3rB"},"_contentSize":{"__type__":"cc.Size","width":63,"height":28},"_anchorPoint":{"__type__":"cc.Vec2","y":1},"_trs":{"__type__":"TypedArray","ctor":"Float64Array","array":[2,14,0,0,0,0,1,1,1,1]}},{"__type__":"cc.Label","node":{"__id__":33},"_materials":[{"__uuid__":"ecpdLyjvZBwrvm+cedCcQy"}],"_string":"0","_N$string":"0","_fontSize":20,"_lineHeight":25,"_enableWrapText":false,"_N$verticalAlign":1,"_N$overflow":1},{"__type__":"cc.Node","_name":"PLACEHOLDER_LABEL","_parent":{"__id__":30},"_active":false,"_components":[{"__id__":36},{"__type__":"cc.Widget","node":{"__id__":35},"alignMode":0,"_alignFlags":45,"_left":2,"_originalWidth":158,"_originalHeight":40}],"_prefab":{"__type__":"cc.PrefabInfo","root":{"__id__":1},"asset":{"__uuid__":"57q5Vsa+VO0ZB2qmhzcJH5"},"fileId":"75HoGaBqhKE6embbhbJMa+"},"_color":{"__type__":"cc.Color","r":187,"g":187,"b":187},"_contentSize":{"__type__":"cc.Size","width":58,"height":28},"_anchorPoint":{"__type__":"cc.Vec2","y":1},"_trs":{"__type__":"TypedArray","ctor":"Float64Array","array":[2,14,0,0,0,0,1,1,1,1]}},{"__type__":"cc.Label","node":{"__id__":35},"_materials":[{"__uuid__":"ecpdLyjvZBwrvm+cedCcQy"}],"_string":"float","_N$string":"float","_fontSize":20,"_lineHeight":25,"_enableWrapText":false,"_N$verticalAlign":1,"_N$overflow":1}],{"__type__":"cc.SpriteFrame","content":{"name":"check","texture":"1906154ff","rect":[393,514,100,84],"offset":[0,0],"originalSize":[100,100],"rotated":1,"capInsets":[0,0,0,0]}},{"__type__":"cc.SpriteFrame","content":{"name":"block","texture":"1906154ff","rect":[479,30,10,10],"offset":[0,0],"originalSize":[10,10],"capInsets":[0,0,0,0]}},{"__type__":"cc.SpriteFrame","content":{"name":"circle","texture":"1906154ff","rect":[289,621,100,100],"offset":[0,0],"originalSize":[128,128],"capInsets":[0,0,0,0]}},{"__type__":"cc.SpriteFrame","content":{"name":"rect","texture":"1906154ff","rect":[271,3,202,202],"offset":[0,0],"originalSize":[202,202],"capInsets":[3,3,3,3]}}]